feature,feature_group,feature_effect,probability_contribution,Feature_Importance_Rank,SHAP_Value
currentequipmentdays,"(-5.001, 89.0]",decreases,8.768505096435547,1,-0.4802868962287903
currentequipmentdays,"(184.0, 229.0]",decreases,6.922891616821289,1,-0.3684932291507721
currentequipmentdays,"(229.0, 283.0]",decreases,6.8537516593933105,1,-0.3644418716430664
currentequipmentdays,"(283.0, 330.0]",increases,0.41286349296569824,1,0.020081594586372375
currentequipmentdays,"(330.0, 384.0]",increases,4.044914245605469,1,0.1901799738407135
currentequipmentdays,"(384.0, 464.0]",increases,3.2105116844177246,1,0.1520509421825409
currentequipmentdays,"(464.0, 577.0]",increases,4.31385612487793,1,0.20236265659332275
currentequipmentdays,"(577.0, 733.0]",increases,4.9034743309021,1,0.22889721393585205
currentequipmentdays,"(733.0, 1812.0]",increases,8.42786693572998,1,0.38313496112823486
currentequipmentdays,"(89.0, 184.0]",decreases,5.978765964508057,1,-0.31394699215888977
percchangeminutes,"(-114.0, -59.0]",increases,0.6791532039642334,2,0.032944876700639725
percchangeminutes,"(-229.0, -114.0]",increases,5.107489109039307,2,0.23802463710308075
percchangeminutes,"(-26.0, -5.0]",decreases,2.4557292461395264,2,-0.1232520192861557
percchangeminutes,"(-3875.001, -229.0]",increases,11.142799377441406,2,0.4978266656398773
percchangeminutes,"(-5.0, 10.0]",decreases,3.622502088546753,2,-0.18439072370529175
percchangeminutes,"(-59.0, -26.0]",decreases,1.499226689338684,2,-0.07442563027143478
percchangeminutes,"(10.0, 41.7]",decreases,3.9330363273620605,2,-0.20097772777080536
percchangeminutes,"(207.0, 5192.0]",decreases,0.8435308933258057,2,-0.041574180126190186
percchangeminutes,"(41.7, 95.0]",decreases,3.3441007137298584,2,-0.16963604092597961
percchangeminutes,"(95.0, 207.0]",decreases,2.5907814502716064,2,-0.13023684918880463
monthsinservice,"(10.0, 12.0]",increases,9.73505687713623,3,0.4387350380420685
monthsinservice,"(12.0, 14.0]",increases,3.671032190322876,3,0.1731584668159485
monthsinservice,"(14.0, 16.0]",increases,1.3266116380691528,3,0.06394097208976746
monthsinservice,"(16.0, 19.0]",decreases,0.2986103296279907,3,-0.01463188137859106
monthsinservice,"(19.0, 23.0]",decreases,1.1057496070861816,3,-0.05465376004576683
monthsinservice,"(23.0, 26.0]",decreases,1.542043685913086,3,-0.07658810913562775
monthsinservice,"(26.0, 33.0]",decreases,2.250638484954834,3,-0.1126885786652565
monthsinservice,"(33.0, 61.0]",decreases,4.185129642486572,3,-0.21454593539237976
monthsinservice,"(5.999, 8.0]",decreases,3.605175018310547,3,-0.1834694743156433
monthsinservice,"(8.0, 10.0]",decreases,2.7521519660949707,3,-0.1386137753725052
service_city,air,increases,0.9474575519561768,4,0.04583683982491493
service_city,apc,decreases,3.7304906845092773,4,-0.19014331698417664
service_city,ath,decreases,4.574756145477295,4,-0.23570282757282257
service_city,atl,decreases,1.1206060647964478,4,-0.05539712682366371
service_city,awi,decreases,6.485915184020996,4,-0.34304171800613403
service_city,bir,decreases,3.7114620208740234,4,-0.18912845849990845
service_city,bos,increases,1.0786056518554688,4,0.05211400240659714
service_city,chi,increases,0.7227122783660889,4,0.03504246845841408
service_city,dal,decreases,1.8358439207077026,4,-0.09148304909467697
service_city,den,increases,7.559699058532715,4,0.34576916694641113
service_city,det,decreases,1.9682735204696655,4,-0.09823042899370193
service_city,fln,increases,2.3677408695220947,4,0.11299832165241241
service_city,gcw,increases,6.343328952789307,4,0.29275843501091003
service_city,har,decreases,1.826620101928711,4,-0.09101397544145584
service_city,hop,increases,5.77085018157959,4,0.26751965284347534
service_city,hou,decreases,1.7795443534851074,4,-0.08862081915140152
service_city,hwi,increases,7.238754749298096,4,0.3318595588207245
service_city,ind,decreases,0.20388364791870117,4,-0.009980186820030212
service_city,inh,increases,8.437675476074219,4,0.3835548162460327
service_city,inu,increases,4.492554187774658,4,0.21042944490909576
service_city,ipm,increases,8.82529067993164,4,0.4001193344593048
service_city,kcy,decreases,4.299215793609619,4,-0.22071704268455505
service_city,lau,increases,1.3051927089691162,4,0.06292179971933365
service_city,lax,increases,0.8793383836746216,4,0.04257006570696831
service_city,lou,decreases,2.158081531524658,4,-0.1079384982585907
service_city,mia,increases,4.184100151062012,4,0.1964913308620453
service_city,mil,decreases,2.070185661315918,4,-0.10343743115663528
service_city,min,decreases,3.228449821472168,4,-0.16353800892829895
service_city,ncr,decreases,1.7940908670425415,4,-0.08935993164777756
service_city,nev,increases,1.5529841184616089,4,0.07468769699335098
service_city,nmc,increases,7.590383529663086,4,0.3470962345600128
service_city,nmx,increases,1.1870592832565308,4,0.05729281157255173
service_city,nny,decreases,0.3727436065673828,4,-0.01827864535152912
service_city,nol,decreases,0.21957755088806152,4,-0.010750247165560722
service_city,nor,decreases,1.8890172243118286,4,-0.09418971091508865
service_city,nsh,decreases,3.722172975540161,4,-0.18969964981079102
service_city,nvu,increases,7.676288604736328,4,0.3508087992668152
service_city,nyc,increases,0.1444011926651001,4,0.007042876444756985
service_city,ohh,decreases,1.556396484375,4,-0.07731340080499649
service_city,ohi,decreases,2.876162528991699,4,-0.1450742781162262
service_city,okc,decreases,0.7858753204345703,4,-0.03870844468474388
service_city,oma,increases,2.7149081230163574,4,0.12915410101413727
service_city,phi,increases,2.451390027999878,4,0.11689994484186172
service_city,phx,increases,2.4050803184509277,4,0.11474067717790604
service_city,pit,decreases,0.3032565116882324,4,-0.01486013364046812
service_city,san,decreases,0.8223474025726318,4,-0.0405208095908165
service_city,sda,increases,8.009565353393555,4,0.36517760157585144
service_city,sea,increases,5.6423845291137695,4,0.26182904839515686
service_city,sew,increases,3.824007511138916,4,0.18013516068458557
service_city,sfr,increases,1.0190874338150024,4,0.04926721006631851
service_city,sfu,increases,11.640032768249512,4,0.5185255408287048
service_city,she,decreases,4.981495380401611,4,-0.25803858041763306
service_city,slc,increases,8.12106990814209,4,0.36997249722480774
service_city,slu,increases,12.192451477050781,4,0.5414255261421204
service_city,stl,decreases,6.311990261077881,4,-0.33301129937171936
service_city,unknown,increases,13.755613327026367,4,0.6057316660881042
service_city,vah,increases,16.248958587646484,4,0.7070848941802979
revenue_per_minute,"(-6.171, 0.058]",decreases,2.9721438884735107,5,-0.15008831024169922
revenue_per_minute,"(0.058, 0.0783]",decreases,2.4230599403381348,5,-0.12156578153371811
revenue_per_minute,"(0.0783, 0.0965]",decreases,2.271589756011963,5,-0.11376513540744781
revenue_per_minute,"(0.0965, 0.115]",decreases,1.681622862815857,5,-0.08365170657634735
revenue_per_minute,"(0.115, 0.137]",decreases,0.735163688659668,5,-0.03619077056646347
revenue_per_minute,"(0.137, 0.166]",decreases,0.45850276947021484,5,-0.022504422813653946
revenue_per_minute,"(0.166, 0.21]",increases,0.1165241003036499,5,0.005684825591742992
revenue_per_minute,"(0.21, 0.297]",increases,0.6467729806900024,5,0.031384315341711044
revenue_per_minute,"(0.297, 0.586]",increases,3.2442033290863037,5,0.15360049903392792
revenue_per_minute,"(0.586, 163.23]",increases,6.243836879730225,5,0.28838595747947693
creditrating,1-highest,increases,1.0313361883163452,6,0.049853384494781494
creditrating,2-high,increases,1.1805355548858643,6,0.0569816417992115
creditrating,3-good,increases,1.4520853757858276,6,0.06990331411361694
creditrating,4-medium,decreases,2.0229697227478027,6,-0.10102348029613495
creditrating,5-low,decreases,5.56922721862793,6,-0.2907845377922058
creditrating,6-verylow,decreases,2.2056877613067627,6,-0.1103803738951683
creditrating,7-lowest,increases,0.1800328493118286,6,0.00877775065600872
uniquesubs,"(0.999, 2.0]",decreases,0.604790449142456,7,-0.02973099984228611
uniquesubs,"(2.0, 196.0]",increases,4.170915603637695,7,0.1958940476179123
agehh1,"(-0.001, 22.0]",increases,1.9481927156448364,8,0.09334170818328857
agehh1,"(22.0, 30.0]",increases,1.7623335123062134,8,0.08458606153726578
agehh1,"(30.0, 36.0]",increases,0.6503313779830933,8,0.03155577555298805
agehh1,"(36.0, 40.0]",decreases,1.379188895225525,8,-0.06837520748376846
agehh1,"(40.0, 46.0]",decreases,1.3423562049865723,8,-0.066522017121315
agehh1,"(46.0, 50.0]",decreases,1.4134138822555542,8,-0.07009871304035187
agehh1,"(50.0, 56.0]",decreases,1.724359393119812,8,-0.08581899851560593
agehh1,"(56.0, 99.0]",decreases,3.6069540977478027,8,-0.1835639774799347
totalrecurringcharge,"(-11.001, 19.0]",increases,0.19537806510925293,9,0.009524314664304256
totalrecurringcharge,"(19.0, 30.0]",increases,2.7944564819335938,9,0.1328420639038086
totalrecurringcharge,"(30.0, 32.0]",increases,2.6406497955322266,9,0.12570644915103912
totalrecurringcharge,"(32.0, 40.0]",increases,0.463712215423584,9,0.022543124854564667
totalrecurringcharge,"(40.0, 45.0]",decreases,0.44648051261901855,9,-0.021911675110459328
totalrecurringcharge,"(45.0, 48.0]",decreases,0.46806931495666504,9,-0.022976389154791832
totalrecurringcharge,"(48.0, 54.0]",decreases,0.025790929794311523,9,-0.0012601169291883707
totalrecurringcharge,"(54.0, 60.0]",decreases,0.5200028419494629,9,-0.025539956986904144
totalrecurringcharge,"(60.0, 75.0]",decreases,2.495509386062622,9,-0.1253068894147873
totalrecurringcharge,"(75.0, 360.0]",decreases,3.7000327110290527,9,-0.18851925432682037
overageminutes,"(-0.001, 3.0]",decreases,1.3723492622375488,10,-0.06803079694509506
overageminutes,"(116.0, 4321.0]",increases,3.8148462772369385,10,0.17971767485141754
overageminutes,"(12.0, 28.0]",decreases,0.38521289825439453,10,-0.018892528489232063
overageminutes,"(28.0, 57.0]",increases,0.8502811193466187,10,0.04117535054683685
overageminutes,"(3.0, 12.0]",decreases,0.717964768409729,10,-0.035337455570697784
overageminutes,"(57.0, 116.0]",increases,2.228400230407715,10,0.10648631304502487
monthlyminutes,"(-0.001, 51.0]",increases,4.178407669067383,11,0.19623342156410217
monthlyminutes,"(1196.9, 7359.0]",decreases,1.9512474536895752,11,-0.09736170619726181
monthlyminutes,"(120.0, 194.0]",increases,1.0168224573135376,11,0.049158889800310135
monthlyminutes,"(194.0, 274.0]",increases,0.6571739912033081,11,0.031885650008916855
monthlyminutes,"(274.0, 365.0]",decreases,0.08524954319000244,11,-0.004167899023741484
monthlyminutes,"(365.0, 476.0]",decreases,0.5508184432983398,11,-0.02706213854253292
monthlyminutes,"(476.0, 620.7]",decreases,0.9739190340042114,11,-0.04806847497820854
monthlyminutes,"(51.0, 120.0]",increases,1.6888231039047241,11,0.08111482113599777
monthlyminutes,"(620.7, 836.8]",decreases,1.106584072113037,11,-0.05469541251659393
monthlyminutes,"(836.8, 1196.9]",decreases,0.852087140083313,11,-0.04199983552098274
percchangerevenues,"(-0.3, 0.0]",decreases,0.14666616916656494,12,-0.0071752239018678665
percchangerevenues,"(-1.2, -0.3]",decreases,0.6115168333053589,12,-0.030063778162002563
percchangerevenues,"(-10.8, -4.2]",decreases,0.428500771522522,12,-0.02102528139948845
percchangerevenues,"(-1107.701, -27.8]",decreases,2.820828437805176,12,-0.14218910038471222
percchangerevenues,"(-27.8, -10.8]",decreases,0.5227446556091309,12,-0.025675291195511818
percchangerevenues,"(-4.2, -1.2]",decreases,0.49423277378082275,12,-0.024267490953207016
percchangerevenues,"(0.0, 0.4]",decreases,0.16138553619384766,12,-0.007896481081843376
percchangerevenues,"(0.4, 4.3]",decreases,0.08530616760253906,12,-0.004170652013272047
percchangerevenues,"(21.9, 2483.5]",increases,2.9959707260131836,12,0.14216265082359314
percchangerevenues,"(4.3, 21.9]",increases,2.037933349609375,12,0.09755881875753403
droppedblockedcalls,"(-0.001, 1.3]",decreases,1.2398600578308105,13,-0.06137290224432945
droppedblockedcalls,"(1.3, 2.3]",decreases,1.1317014694213867,13,-0.055952467024326324
droppedblockedcalls,"(10.3, 15.0]",increases,1.046118140220642,13,0.05056051164865494
droppedblockedcalls,"(15.0, 24.3]",increases,1.6308844089508057,13,0.07837539166212082
droppedblockedcalls,"(2.3, 3.7]",decreases,0.9893953800201416,13,-0.0488404706120491
droppedblockedcalls,"(24.3, 411.7]",increases,2.013963460922241,13,0.09643298387527466
droppedblockedcalls,"(3.7, 5.3]",decreases,0.8714348077774048,13,-0.042962320148944855
droppedblockedcalls,"(5.3, 7.7]",decreases,0.24400651454925537,13,-0.011949291452765465
droppedblockedcalls,"(7.7, 10.3]",increases,0.5700111389160156,13,0.027681007981300354
inboundcalls,"(-0.001, 0.3]",increases,1.2683898210525513,14,0.061169471591711044
inboundcalls,"(0.3, 1.0]",increases,1.000744104385376,14,0.04838921129703522
inboundcalls,"(1.0, 2.0]",increases,0.12826025485992432,14,0.006256876513361931
inboundcalls,"(12.0, 22.7]",decreases,1.9083261489868164,14,-0.09517328441143036
inboundcalls,"(2.0, 4.0]",decreases,0.2896517515182495,14,-0.014191516675055027
inboundcalls,"(22.7, 519.3]",decreases,1.1886686086654663,14,-0.058805808424949646
inboundcalls,"(4.0, 7.0]",decreases,0.458681583404541,14,-0.022513220086693764
inboundcalls,"(7.0, 12.0]",decreases,1.1632949113845825,14,-0.05753443017601967
avg_call_duration,"(-0.001, 5.981]",increases,3.4124464988708496,15,0.16132599115371704
avg_call_duration,"(10.492, 12.923]",decreases,0.49379169940948486,15,-0.024245642125606537
avg_call_duration,"(12.923, 15.989]",decreases,0.49487054347991943,15,-0.024298889562487602
avg_call_duration,"(15.989, 20.0]",decreases,0.5094408988952637,15,-0.025018222630023956
avg_call_duration,"(20.0, 25.832]",decreases,0.8738785982131958,15,-0.04308391362428665
avg_call_duration,"(25.832, 36.795]",decreases,1.1650800704956055,15,-0.05762387067079544
avg_call_duration,"(36.795, 72.0]",decreases,0.5239635705947876,15,-0.025735432282090187
avg_call_duration,"(5.981, 8.25]",increases,1.102176308631897,15,0.05324037745594978
avg_call_duration,"(72.0, 3626.0]",decreases,0.9813278913497925,15,-0.0484379343688488
avg_call_duration,"(8.25, 10.492]",decreases,0.26940107345581055,15,-0.013196466490626335
handsetrefurbished,no,decreases,0.6569623947143555,16,-0.03231380507349968
handsetrefurbished,yes,increases,3.549692153930664,16,0.1676121950149536
droppedcalls,"(-0.001, 0.3]",decreases,1.3024061918258667,17,-0.06451348215341568
droppedcalls,"(0.3, 1.3]",decreases,0.9177356958389282,17,-0.04526771232485771
droppedcalls,"(1.3, 2.0]",increases,0.25044679641723633,17,0.012201826088130474
droppedcalls,"(15.0, 221.7]",increases,1.8199622631072998,17,0.08730406314134598
droppedcalls,"(2.0, 3.0]",increases,0.40626227855682373,17,0.019761698320508003
droppedcalls,"(3.0, 4.3]",increases,0.23076236248016357,17,0.01124507561326027
droppedcalls,"(4.3, 6.3]",increases,0.3947943449020386,17,0.019206123426556587
droppedcalls,"(6.3, 9.3]",increases,0.7245361804962158,17,0.03513031825423241
droppedcalls,"(9.3, 15.0]",increases,1.13067626953125,17,0.05460171028971672
service_tenure,"(10.0, 12.0]",increases,2.1840362548828125,18,0.10440956056118011
service_tenure,"(12.0, 14.0]",increases,0.9653210639953613,18,0.04669274762272835
service_tenure,"(14.0, 16.0]",increases,0.19574761390686035,18,0.009542335756123066
service_tenure,"(16.0, 19.0]",increases,0.18405616283416748,18,0.008973359130322933
service_tenure,"(19.0, 23.0]",increases,0.11695623397827148,18,0.0057060071267187595
service_tenure,"(23.0, 26.0]",decreases,0.0370025634765625,18,-0.0018082067836076021
service_tenure,"(26.0, 33.0]",decreases,0.24871230125427246,18,-0.01218034140765667
service_tenure,"(33.0, 61.0]",decreases,0.9653002023696899,18,-0.047638677060604095
service_tenure,"(5.999, 8.0]",decreases,1.5703916549682617,18,-0.07802081853151321
service_tenure,"(8.0, 10.0]",decreases,1.5071094036102295,18,-0.07482366263866425
receivedcalls,"(-0.001, 3.7]",decreases,1.2411117553710938,19,-0.061435699462890625
receivedcalls,"(125.2, 190.6]",increases,0.7667571306228638,19,0.037161681801080704
receivedcalls,"(14.5, 30.2]",decreases,0.13316869735717773,19,-0.006513908505439758
receivedcalls,"(190.6, 308.7]",increases,1.481640338897705,19,0.07130584120750427
receivedcalls,"(3.7, 14.5]",decreases,0.2878636121749878,19,-0.014103713445365429
receivedcalls,"(30.2, 52.8]",decreases,0.1398235559463501,19,-0.0068400027230381966
receivedcalls,"(308.7, 2692.4]",increases,0.5355656147003174,19,0.02601727470755577
receivedcalls,"(52.8, 83.1]",increases,0.01818835735321045,19,0.0008883015834726393
receivedcalls,"(83.1, 125.2]",increases,0.27076900005340576,19,0.013189280405640602
blockedcalls,"(-0.001, 0.3]",decreases,0.8171200752258301,20,-0.040260907262563705
blockedcalls,"(0.3, 0.7]",decreases,0.4284322261810303,20,-0.02102191187441349
blockedcalls,"(0.7, 1.0]",decreases,0.4056662321090698,20,-0.019899951294064522
blockedcalls,"(1.0, 1.7]",increases,0.41567981243133545,20,0.020217910408973694
blockedcalls,"(1.7, 2.7]",increases,0.5086153745651245,20,0.024714743718504906
blockedcalls,"(10.0, 384.3]",increases,1.5188664197921753,20,0.07307091355323792
blockedcalls,"(2.7, 4.7]",increases,0.579458475112915,20,0.028137050569057465
blockedcalls,"(4.7, 10.0]",increases,0.7975161075592041,20,0.038640450686216354
madecalltoretentionteam,no,decreases,0.3906130790710449,21,-0.019158557057380676
madecalltoretentionteam,yes,increases,10.185986518859863,21,0.45774656534194946
prizmcode,other,decreases,0.2569824457168579,22,-0.01258661225438118
prizmcode,rural,increases,2.4408907890319824,22,0.11641065031290054
prizmcode,suburban,decreases,0.7031470537185669,22,-0.034602709114551544
prizmcode,town,increases,1.3986259698867798,22,0.06736487150192261
respondstomailoffers,no,increases,0.5189031362533569,23,0.025212157517671585
respondstomailoffers,yes,decreases,0.8646667003631592,23,-0.04262569174170494
monthlyrevenue,"(-6.171, 25.311]",increases,0.996437668800354,24,0.04818302020430565
monthlyrevenue,"(103.659, 1223.38]",increases,0.1732945442199707,24,0.008449627086520195
monthlyrevenue,"(25.311, 30.98]",decreases,0.4351794719696045,24,-0.021354490891098976
monthlyrevenue,"(30.98, 35.24]",decreases,0.37373602390289307,24,-0.01832738146185875
monthlyrevenue,"(35.24, 40.17]",increases,0.024807453155517578,24,0.0012114130659028888
monthlyrevenue,"(40.17, 48.3]",decreases,0.292283296585083,24,-0.014320680871605873
monthlyrevenue,"(48.3, 54.31]",decreases,0.059404969215393066,24,-0.002903493819758296
monthlyrevenue,"(54.31, 63.55]",increases,0.41014552116394043,24,0.019949808716773987
monthlyrevenue,"(63.55, 79.04]",increases,0.42473673820495605,24,0.0206565260887146
monthlyrevenue,"(79.04, 103.659]",decreases,0.2459108829498291,24,-0.012042917311191559
childreninhh,no,decreases,0.4140883684158325,25,-0.020314939320087433
childreninhh,yes,increases,1.2742102146148682,25,0.06144670769572258
handsetwebcapable,no,increases,2.9904098510742188,26,0.14190584421157837
handsetwebcapable,yes,decreases,0.3583252429962158,26,-0.01756889931857586
handsets,"(-0.001, 1.0]",decreases,0.36545097827911377,27,-0.01791965961456299
handsets,"(1.0, 2.0]",decreases,0.2880960702896118,27,-0.014115091413259506
handsets,"(2.0, 3.0]",increases,1.5532642602920532,27,0.07470110058784485
handsets,"(3.0, 24.0]",increases,1.7672985792160034,27,0.08482028543949127
total_calls,"(-0.001, 2.7]",increases,0.7843315601348877,28,0.03800671175122261
total_calls,"(12.0, 18.4]",increases,0.19676387310028076,28,0.009591726586222649
total_calls,"(18.4, 27.0]",decreases,0.3254741430282593,28,-0.015952633693814278
total_calls,"(2.7, 6.7]",increases,0.4384368658065796,28,0.021319787949323654
total_calls,"(27.0, 38.7]",decreases,0.582122802734375,28,-0.02860983833670616
total_calls,"(38.7, 56.6]",decreases,0.4975825548171997,28,-0.02443275786936283
total_calls,"(56.6, 89.3]",decreases,0.3417402505874634,28,-0.01675267331302166
total_calls,"(6.7, 12.0]",increases,0.2857118844985962,28,0.013915043324232101
total_calls,"(89.3, 956.6]",decreases,1.3368457555770874,28,-0.06624475866556168
offpeakcallsinout,"(-0.001, 0.7]",increases,1.5404731035232544,29,0.07409492880105972
offpeakcallsinout,"(0.7, 7.3]",decreases,0.444754958152771,29,-0.021826451644301414
offpeakcallsinout,"(108.0, 170.7]",decreases,0.16820430755615234,29,-0.008230661042034626
offpeakcallsinout,"(15.0, 24.0]",decreases,0.41450560092926025,29,-0.020335542038083076
offpeakcallsinout,"(170.7, 1474.7]",increases,0.5135208368301392,29,0.02495194412767887
offpeakcallsinout,"(24.0, 35.7]",decreases,0.20654797554016113,29,-0.010111094452440739
offpeakcallsinout,"(35.7, 51.3]",decreases,0.08174777030944824,29,-0.003996570128947496
offpeakcallsinout,"(51.3, 73.7]",decreases,0.40210485458374023,29,-0.019724592566490173
offpeakcallsinout,"(7.3, 15.0]",decreases,0.4531055688858032,29,-0.02223830297589302
offpeakcallsinout,"(73.7, 108.0]",decreases,0.4052460193634033,29,-0.019879281520843506
peakcallsinout,"(-0.001, 2.0]",increases,1.209169626235962,30,0.05834738910198212
peakcallsinout,"(105.3, 140.3]",decreases,0.5257517099380493,30,-0.025823768228292465
peakcallsinout,"(140.3, 204.3]",decreases,0.6989598274230957,30,-0.03439515084028244
peakcallsinout,"(15.7, 30.3]",increases,0.0890195369720459,30,0.004344299901276827
peakcallsinout,"(2.0, 15.7]",decreases,0.042560696601867676,30,-0.0020798249170184135
peakcallsinout,"(204.3, 2090.7]",decreases,0.4038512706756592,30,-0.01981056109070778
peakcallsinout,"(30.3, 45.3]",increases,0.1056969165802002,30,0.00515722343698144
peakcallsinout,"(45.3, 62.0]",decreases,0.24093091487884521,30,-0.011798369698226452
peakcallsinout,"(62.0, 81.0]",increases,0.12678802013397217,30,0.006184999831020832
peakcallsinout,"(81.0, 105.3]",decreases,0.2339571714401245,30,-0.011455954052507877
maritalstatus,no,decreases,0.9668588638305664,31,-0.04771635681390762
maritalstatus,unknown,increases,0.4337877035140991,31,0.021094733849167824
maritalstatus,yes,increases,0.2374023199081421,31,0.011567904613912106
handsetprice,"(-0.001, 10.0]",decreases,0.3887951374053955,32,-0.019069034606218338
handsetprice,"(10.0, 30.0]",decreases,0.04571378231048584,32,-0.0022338968701660633
handsetprice,"(150.0, 500.0]",increases,1.4134377241134644,32,0.06806832551956177
handsetprice,"(30.0, 80.0]",increases,0.4056215286254883,32,0.019730621948838234
handsetprice,"(80.0, 150.0]",increases,1.0541141033172607,32,0.050942935049533844
customercarecalls,"(-0.001, 0.3]",increases,0.32258927822113037,33,0.015704995021224022
customercarecalls,"(0.3, 1.0]",increases,0.061330199241638184,33,0.002993888221681118
customercarecalls,"(1.0, 2.3]",decreases,0.5855262279510498,33,-0.028778076171875
customercarecalls,"(2.3, 5.7]",decreases,0.7694005966186523,33,-0.037890076637268066
customercarecalls,"(5.7, 327.3]",decreases,0.8237957954406738,33,-0.040592823177576065
activesubs,"(-0.001, 1.0]",increases,0.33988356590270996,34,0.016544241458177567
activesubs,"(1.0, 2.0]",increases,0.013595819473266602,34,0.0006640517967753112
activesubs,"(2.0, 53.0]",decreases,2.894303321838379,34,-0.14602109789848328
outboundcalls,"(-0.001, 1.7]",increases,0.16661584377288818,35,0.008124549873173237
outboundcalls,"(1.7, 5.0]",decreases,0.34797191619873047,35,-0.017059504985809326
outboundcalls,"(13.7, 19.7]",decreases,0.07501840591430664,35,-0.003667277516797185
outboundcalls,"(19.7, 28.3]",increases,0.020951032638549805,35,0.001023182994686067
outboundcalls,"(28.3, 40.7]",increases,0.2778470516204834,35,0.013533005490899086
outboundcalls,"(40.7, 64.0]",increases,0.392952561378479,35,0.01911698840558529
outboundcalls,"(5.0, 8.7]",decreases,0.6379663944244385,35,-0.03137308731675148
outboundcalls,"(64.0, 644.3]",decreases,0.3341883420944214,35,-0.016381269320845604
outboundcalls,"(8.7, 13.7]",decreases,0.24592876434326172,35,-0.012043860740959644
roamingcalls,"(-0.001, 0.1]",decreases,0.1783221960067749,36,-0.008726668544113636
roamingcalls,"(0.1, 0.5]",decreases,0.35408735275268555,36,-0.017360355705022812
roamingcalls,"(0.5, 2.1]",decreases,0.18476247787475586,36,-0.009042460471391678
roamingcalls,"(2.1, 1112.4]",increases,1.8977165222167969,36,0.0909666195511818
callwaitingcalls,"(-0.001, 0.3]",increases,0.3396034240722656,37,0.016530513763427734
callwaitingcalls,"(0.3, 0.7]",increases,0.07304251194000244,37,0.003565241815522313
callwaitingcalls,"(0.7, 1.0]",decreases,0.2517402172088623,37,-0.012329097837209702
callwaitingcalls,"(1.0, 2.0]",decreases,0.23940205574035645,37,-0.011723319999873638
callwaitingcalls,"(2.0, 4.7]",decreases,0.3289520740509033,37,-0.01612362079322338
callwaitingcalls,"(4.7, 212.7]",decreases,0.8646368980407715,37,-0.042623985558748245
incomegroup,"(-0.001, 2.0]",increases,0.34741759300231934,38,0.016909416764974594
incomegroup,"(2.0, 4.0]",increases,0.0033110380172729492,38,0.0001616806985111907
incomegroup,"(4.0, 5.0]",increases,0.0524669885635376,38,0.0025613729376345873
incomegroup,"(5.0, 6.0]",decreases,0.05886256694793701,38,-0.0028769432101398706
incomegroup,"(6.0, 7.0]",increases,0.06749629974365234,38,0.003294668858870864
incomegroup,"(7.0, 9.0]",decreases,0.596877932548523,38,-0.029339570552110672
unansweredcalls,"(-0.001, 0.3]",increases,0.27520060539245605,39,0.013404510915279388
unansweredcalls,"(0.3, 3.7]",increases,0.1933276653289795,39,0.00942456815391779
unansweredcalls,"(11.3, 16.3]",increases,0.17108023166656494,39,0.008341916836798191
unansweredcalls,"(16.3, 22.3]",increases,0.13288259506225586,39,0.0064818598330020905
unansweredcalls,"(22.3, 31.0]",increases,0.19381344318389893,39,0.00944825354963541
unansweredcalls,"(3.7, 7.0]",increases,0.013819336891174316,39,0.0006749435560777783
unansweredcalls,"(31.0, 43.7]",increases,0.28350353240966797,39,0.013807779178023338
unansweredcalls,"(43.7, 68.3]",increases,0.03381669521331787,39,0.0016512786969542503
unansweredcalls,"(68.3, 840.0]",increases,0.13881325721740723,39,0.006770845968276262
unansweredcalls,"(7.0, 11.3]",increases,0.21484792232513428,39,0.010471280664205551
threewaycalls,"(-0.001, 0.3]",increases,0.13314783573150635,40,0.006494932807981968
threewaycalls,"(0.3, 0.7]",decreases,0.17640292644500732,40,-0.008632499724626541
threewaycalls,"(0.7, 66.0]",decreases,1.4071792364120483,40,-0.06978458911180496
customer_support_interaction,"(-0.001, 0.3]",increases,0.05615651607513428,41,0.002741459524258971
customer_support_interaction,"(0.3, 1.0]",decreases,0.1609504222869873,41,-0.007875002920627594
customer_support_interaction,"(1.0, 2.3]",decreases,0.22726655006408691,41,-0.011127623729407787
customer_support_interaction,"(2.3, 5.7]",increases,0.19723176956176758,41,0.009614544920623302
customer_support_interaction,"(5.7, 327.3]",increases,0.46270787715911865,41,0.022494472563266754
directorassistedcalls,"(-0.001, 0.25]",increases,0.13094842433929443,42,0.006387630477547646
directorassistedcalls,"(0.25, 0.74]",decreases,0.011900067329406738,42,-0.0005814298056066036
directorassistedcalls,"(0.74, 1.24]",decreases,0.26646554470062256,42,-0.013052362017333508
directorassistedcalls,"(1.24, 2.48]",decreases,0.1794874668121338,42,-0.008783875033259392
directorassistedcalls,"(2.48, 159.39]",decreases,0.9922534227371216,42,-0.04898308590054512
buysviamailorder,no,increases,0.15582144260406494,43,0.007599185686558485
buysviamailorder,yes,decreases,0.2880781888961792,43,-0.0141141377389431
occupation,clerical,increases,1.0318756103515625,44,0.04987917095422745
occupation,crafts,increases,0.33393800258636475,44,0.01625579595565796
occupation,homemaker,increases,1.584044098854065,44,0.07615884393453598
occupation,other,decreases,0.07655024528503418,44,-0.003742229426279664
occupation,professional,increases,0.14359354972839355,44,0.007003805134445429
occupation,retired,decreases,0.1414269208908081,44,-0.0069184014573693275
occupation,self,increases,0.05383491516113281,44,0.0026281145401299
occupation,student,increases,0.10434985160827637,44,0.005091692786663771
retentioncalls,"(-0.001, 4.0]",decreases,0.015527009963989258,45,-0.0007586700958199799
ownscomputer,no,decreases,0.08432269096374512,46,-0.004122492857277393
ownscomputer,yes,increases,0.3810614347457886,46,0.01854065991938114
handsetmodels,"(-0.001, 1.0]",increases,0.01634359359741211,47,0.000798159628175199
handsetmodels,"(1.0, 2.0]",decreases,0.04730224609375,47,-0.00231169443577528
handsetmodels,"(2.0, 3.0]",increases,0.0316619873046875,47,0.0015461405273526907
handsetmodels,"(3.0, 15.0]",increases,0.5563467741012573,47,0.02702098712325096
adjustmentstocreditrating,"(-0.001, 25.0]",decreases,0.00171661376953125,48,-8.373674063477665e-05
newcellphoneuser,no,increases,0.04686117172241211,49,0.002288010437041521
newcellphoneuser,yes,decreases,0.20262598991394043,49,-0.009918658062815666
notnewcellphoneuser,no,decreases,0.010192394256591797,50,-0.0004979020450264215
notnewcellphoneuser,yes,increases,0.033786892890930176,50,0.0016498648328706622
referralsmadebysubscriber,"(-0.001, 35.0]",decreases,0.0017464160919189453,51,-8.540308772353455e-05
homeownership,known,decreases,0.02440512180328369,52,-0.001192415482364595
homeownership,unknown,increases,0.04041492938995361,52,0.0019732629880309105
hascreditcard,no,decreases,0.03343522548675537,53,-0.0016336929984390736
hascreditcard,yes,increases,0.011980533599853516,53,0.0005850003217346966
truckowner,no,decreases,0.013491511344909668,54,-0.0006591858109459281
truckowner,yes,increases,0.061634182929992676,54,0.0030087637715041637
nonustravel,no,increases,0.0055342912673950195,55,0.0002702979545574635
nonustravel,yes,decreases,0.27070939540863037,55,-0.013260792009532452
ownsmotorcycle,no,decreases,0.011813640594482422,56,-0.0005771674332208931
ownsmotorcycle,yes,increases,0.918424129486084,56,0.044445112347602844
retentionoffersaccepted,"(-0.001, 3.0]",increases,0.012481212615966797,57,0.0006096099968999624
rvowner,no,increases,0.0008672475814819336,58,4.242861905368045e-05
rvowner,yes,increases,0.020453333854675293,58,0.0009988233214244246
callforwardingcalls,"(-0.001, 81.3]",decreases,0.0007748603820800781,59,-3.7833015085197985e-05
optoutmailings,no,decreases,0.0026404857635498047,60,-0.00012892640370409936
optoutmailings,yes,increases,0.24367868900299072,60,0.011872860603034496
