Feature,Feature_Subset,SHAP_Value,Adjusted_Probability,Probability_Change_Perc,Feature_Importance,Importance_Rank
currentequipmentdays,"(-5.001, 89.0]",-0.4802869,0.19952935,-8.768505,0.292894,1
currentequipmentdays,"(184.0, 229.0]",-0.36849323,0.21798548,-6.9228916,0.292894,1
currentequipmentdays,"(229.0, 283.0]",-0.36444187,0.21867688,-6.8537517,0.292894,1
currentequipmentdays,"(283.0, 330.0]",0.020081595,0.29134303,0.4128635,0.292894,1
currentequipmentdays,"(330.0, 384.0]",0.19017997,0.32766354,4.0449142,0.292894,1
currentequipmentdays,"(384.0, 464.0]",0.15205094,0.31931952,3.2105117,0.292894,1
currentequipmentdays,"(464.0, 577.0]",0.20236266,0.33035296,4.313856,0.292894,1
currentequipmentdays,"(577.0, 733.0]",0.22889721,0.33624914,4.9034743,0.292894,1
currentequipmentdays,"(733.0, 1812.0]",0.38313496,0.37149307,8.427867,0.292894,1
currentequipmentdays,"(89.0, 184.0]",-0.313947,0.22742674,-5.978766,0.292894,1
overageminutes,"(-0.001, 3.0]",-0.0680308,0.2734909,-1.3723493,0.073097646,10
overageminutes,"(116.0, 4321.0]",0.17971767,0.32536286,3.8148463,0.073097646,10
overageminutes,"(12.0, 28.0]",-0.018892528,0.28336227,-0.3852129,0.073097646,10
overageminutes,"(28.0, 57.0]",0.04117535,0.2957172,0.8502811,0.073097646,10
overageminutes,"(3.0, 12.0]",-0.035337456,0.28003475,-0.71796477,0.073097646,10
overageminutes,"(57.0, 116.0]",0.10648631,0.3094984,2.2284002,0.073097646,10
monthlyminutes,"(-0.001, 51.0]",0.19623342,0.32899848,4.1784077,0.06656514,11
monthlyminutes,"(1196.9, 7359.0]",-0.097361706,0.26770192,-1.9512475,0.06656514,11
monthlyminutes,"(120.0, 194.0]",0.04915889,0.29738262,1.0168225,0.06656514,11
monthlyminutes,"(194.0, 274.0]",0.03188565,0.29378614,0.657174,0.06656514,11
monthlyminutes,"(274.0, 365.0]",-0.004167899,0.2863619,-0.08524954,0.06656514,11
monthlyminutes,"(365.0, 476.0]",-0.027062139,0.2817062,-0.55081844,0.06656514,11
monthlyminutes,"(476.0, 620.7]",-0.048068475,0.2774752,-0.97391903,0.06656514,11
monthlyminutes,"(51.0, 120.0]",0.08111482,0.30410263,1.6888231,0.06656514,11
monthlyminutes,"(620.7, 836.8]",-0.054695413,0.27614856,-1.1065841,0.06656514,11
monthlyminutes,"(836.8, 1196.9]",-0.041999836,0.27869353,-0.85208714,0.06656514,11
percchangerevenues,"(-0.3, 0.0]",-0.007175224,0.28574774,-0.14666617,0.05578282,12
percchangerevenues,"(-1.2, -0.3]",-0.030063778,0.28109923,-0.61151683,0.05578282,12
percchangerevenues,"(-10.8, -4.2]",-0.021025281,0.2829294,-0.42850077,0.05578282,12
percchangerevenues,"(-1107.701, -27.8]",-0.1421891,0.2590061,-2.8208284,0.05578282,12
percchangerevenues,"(-27.8, -10.8]",-0.025675291,0.28198695,-0.52274466,0.05578282,12
percchangerevenues,"(-4.2, -1.2]",-0.024267491,0.28227207,-0.49423277,0.05578282,12
percchangerevenues,"(0.0, 0.4]",-0.007896481,0.28560054,-0.16138554,0.05578282,12
percchangerevenues,"(0.4, 4.3]",-0.004170652,0.28636134,-0.08530617,0.05578282,12
percchangerevenues,"(21.9, 2483.5]",0.14216265,0.3171741,2.9959707,0.05578282,12
percchangerevenues,"(4.3, 21.9]",0.09755882,0.30759373,2.0379333,0.05578282,12
droppedblockedcalls,"(-0.001, 1.3]",-0.061372902,0.2748158,-1.23986,0.05574794,13
droppedblockedcalls,"(1.3, 2.3]",-0.055952467,0.27589738,-1.1317015,0.05574794,13
droppedblockedcalls,"(10.3, 15.0]",0.05056051,0.29767558,1.0461181,0.05574794,13
droppedblockedcalls,"(15.0, 24.3]",0.07837539,0.30352324,1.6308844,0.05574794,13
droppedblockedcalls,"(2.3, 3.7]",-0.04884047,0.27732044,-0.9893954,0.05574794,13
droppedblockedcalls,"(24.3, 411.7]",0.096432984,0.30735403,2.0139635,0.05574794,13
droppedblockedcalls,"(3.7, 5.3]",-0.04296232,0.27850005,-0.8714348,0.05574794,13
droppedblockedcalls,"(5.3, 7.7]",-0.011949291,0.28477433,-0.24400651,0.05574794,13
droppedblockedcalls,"(7.7, 10.3]",0.027681008,0.2929145,0.57001114,0.05574794,13
inboundcalls,"(-0.001, 0.3]",0.06116947,0.2998983,1.2683898,0.05273988,14
inboundcalls,"(0.3, 1.0]",0.04838921,0.29722184,1.0007441,0.05273988,14
inboundcalls,"(1.0, 2.0]",0.0062568765,0.288497,0.12826025,0.05273988,14
inboundcalls,"(12.0, 22.7]",-0.095173284,0.26813114,-1.9083261,0.05273988,14
inboundcalls,"(2.0, 4.0]",-0.014191517,0.28431788,-0.28965175,0.05273988,14
inboundcalls,"(22.7, 519.3]",-0.05880581,0.2753277,-1.1886686,0.05273988,14
inboundcalls,"(4.0, 7.0]",-0.02251322,0.28262758,-0.45868158,0.05273988,14
inboundcalls,"(7.0, 12.0]",-0.05753443,0.27558145,-1.1632949,0.05273988,14
avg_call_duration,"(-0.001, 5.981]",0.16132599,0.32133886,3.4124465,0.051244423,15
avg_call_duration,"(10.492, 12.923]",-0.024245642,0.28227648,-0.4937917,0.051244423,15
avg_call_duration,"(12.923, 15.989]",-0.02429889,0.2822657,-0.49487054,0.051244423,15
avg_call_duration,"(15.989, 20.0]",-0.025018223,0.28212,-0.5094409,0.051244423,15
avg_call_duration,"(20.0, 25.832]",-0.043083914,0.2784756,-0.8738786,0.051244423,15
avg_call_duration,"(25.832, 36.795]",-0.05762387,0.2755636,-1.1650801,0.051244423,15
avg_call_duration,"(36.795, 72.0]",-0.025735432,0.28197476,-0.5239636,0.051244423,15
avg_call_duration,"(5.981, 8.25]",0.053240377,0.29823616,1.1021763,0.051244423,15
avg_call_duration,"(72.0, 3626.0]",-0.048437934,0.27740112,-0.9813279,0.051244423,15
avg_call_duration,"(8.25, 10.492]",-0.0131964665,0.2845204,-0.26940107,0.051244423,15
handsetrefurbished,no,-0.032313805,0.28064477,-0.6569624,0.05110566,16
handsetrefurbished,yes,0.1676122,0.32271132,3.5496922,0.05110566,16
droppedcalls,"(-0.001, 0.3]",-0.06451348,0.27419034,-1.3024062,0.044467103,17
droppedcalls,"(0.3, 1.3]",-0.045267712,0.27803704,-0.9177357,0.044467103,17
droppedcalls,"(1.3, 2.0]",0.012201826,0.28971887,0.2504468,0.044467103,17
droppedcalls,"(15.0, 221.7]",0.08730406,0.30541402,1.8199623,0.044467103,17
droppedcalls,"(2.0, 3.0]",0.019761698,0.29127702,0.40626228,0.044467103,17
droppedcalls,"(3.0, 4.3]",0.011245076,0.28952202,0.23076236,0.044467103,17
droppedcalls,"(4.3, 6.3]",0.019206123,0.29116234,0.39479434,0.044467103,17
droppedcalls,"(6.3, 9.3]",0.03513032,0.29445976,0.7245362,0.044467103,17
droppedcalls,"(9.3, 15.0]",0.05460171,0.29852116,1.1306763,0.044467103,17
service_tenure,"(10.0, 12.0]",0.10440956,0.30905476,2.1840363,0.04308723,18
service_tenure,"(12.0, 14.0]",0.046692748,0.2968676,0.96532106,0.04308723,18
service_tenure,"(14.0, 16.0]",0.009542336,0.28917187,0.19574761,0.04308723,18
service_tenure,"(16.0, 19.0]",0.008973359,0.28905496,0.18405616,0.04308723,18
service_tenure,"(19.0, 23.0]",0.005706007,0.28838396,0.116956234,0.04308723,18
service_tenure,"(23.0, 26.0]",-0.0018082068,0.28684437,-0.037002563,0.04308723,18
service_tenure,"(26.0, 33.0]",-0.012180341,0.28472728,-0.2487123,0.04308723,18
service_tenure,"(33.0, 61.0]",-0.047638677,0.2775614,-0.9653002,0.04308723,18
service_tenure,"(5.999, 8.0]",-0.07802082,0.27151048,-1.5703917,0.04308723,18
service_tenure,"(8.0, 10.0]",-0.07482366,0.2721433,-1.5071094,0.04308723,18
receivedcalls,"(-0.001, 3.7]",-0.0614357,0.27480328,-1.2411118,0.037147723,19
receivedcalls,"(125.2, 190.6]",0.03716168,0.29488197,0.76675713,0.037147723,19
receivedcalls,"(14.5, 30.2]",-0.0065139085,0.2858827,-0.1331687,0.037147723,19
receivedcalls,"(190.6, 308.7]",0.07130584,0.3020308,1.4816403,0.037147723,19
receivedcalls,"(3.7, 14.5]",-0.014103713,0.28433576,-0.2878636,0.037147723,19
receivedcalls,"(30.2, 52.8]",-0.0068400027,0.28581616,-0.13982356,0.037147723,19
receivedcalls,"(308.7, 2692.4]",0.026017275,0.29257005,0.5355656,0.037147723,19
receivedcalls,"(52.8, 83.1]",0.0008883016,0.28739628,0.018188357,0.037147723,19
receivedcalls,"(83.1, 125.2]",0.01318928,0.2899221,0.270769,0.037147723,19
percchangeminutes,"(-114.0, -59.0]",0.032944877,0.29400593,0.6791532,0.17417237,2
percchangeminutes,"(-229.0, -114.0]",0.23802464,0.3382893,5.107489,0.17417237,2
percchangeminutes,"(-26.0, -5.0]",-0.12325202,0.2626571,-2.4557292,0.17417237,2
percchangeminutes,"(-3875.001, -229.0]",0.49782667,0.3986424,11.142799,0.17417237,2
percchangeminutes,"(-5.0, 10.0]",-0.18439072,0.25098938,-3.622502,0.17417237,2
percchangeminutes,"(-59.0, -26.0]",-0.07442563,0.27222213,-1.4992267,0.17417237,2
percchangeminutes,"(10.0, 41.7]",-0.20097773,0.24788404,-3.9330363,0.17417237,2
percchangeminutes,"(207.0, 5192.0]",-0.04157418,0.2787791,-0.8435309,0.17417237,2
percchangeminutes,"(41.7, 95.0]",-0.16963604,0.2537734,-3.3441007,0.17417237,2
percchangeminutes,"(95.0, 207.0]",-0.13023685,0.26130658,-2.5907815,0.17417237,2
blockedcalls,"(-0.001, 0.3]",-0.040260907,0.2790432,-0.8171201,0.036415707,20
blockedcalls,"(0.3, 0.7]",-0.021021912,0.28293008,-0.42843223,0.036415707,20
blockedcalls,"(0.7, 1.0]",-0.019899951,0.28315774,-0.40566623,0.036415707,20
blockedcalls,"(1.0, 1.7]",0.02021791,0.2913712,0.4156798,0.036415707,20
blockedcalls,"(1.7, 2.7]",0.024714744,0.29230055,0.5086154,0.036415707,20
blockedcalls,"(10.0, 384.3]",0.07307091,0.30240306,1.5188664,0.036415707,20
blockedcalls,"(2.7, 4.7]",0.02813705,0.29300898,0.5794585,0.036415707,20
blockedcalls,"(4.7, 10.0]",0.03864045,0.29518956,0.7975161,0.036415707,20
madecalltoretentionteam,no,-0.019158557,0.28330827,-0.39061308,0.034223028,21
madecalltoretentionteam,yes,0.45774657,0.38907427,10.1859865,0.034223028,21
prizmcode,other,-0.012586612,0.28464457,-0.25698245,0.03399372,22
prizmcode,rural,0.11641065,0.3116233,2.4408908,0.03399372,22
prizmcode,suburban,-0.03460271,0.28018293,-0.70314705,0.03399372,22
prizmcode,town,0.06736487,0.30120066,1.398626,0.03399372,22
respondstomailoffers,no,0.025212158,0.29240343,0.51890314,0.031820696,23
respondstomailoffers,yes,-0.04262569,0.27856773,-0.8646667,0.031820696,23
monthlyrevenue,"(-6.171, 25.311]",0.04818302,0.29717878,0.99643767,0.031229472,24
monthlyrevenue,"(103.659, 1223.38]",0.008449627,0.28894734,0.17329454,0.031229472,24
monthlyrevenue,"(25.311, 30.98]",-0.02135449,0.2828626,-0.43517947,0.031229472,24
monthlyrevenue,"(30.98, 35.24]",-0.018327381,0.28347704,-0.37373602,0.031229472,24
monthlyrevenue,"(35.24, 40.17]",0.0012114131,0.28746247,0.024807453,0.031229472,24
monthlyrevenue,"(40.17, 48.3]",-0.014320681,0.28429157,-0.2922833,0.031229472,24
monthlyrevenue,"(48.3, 54.31]",-0.0029034938,0.28662035,-0.05940497,0.031229472,24
monthlyrevenue,"(54.31, 63.55]",0.019949809,0.29131585,0.41014552,0.031229472,24
monthlyrevenue,"(63.55, 79.04]",0.020656526,0.29146177,0.42473674,0.031229472,24
monthlyrevenue,"(79.04, 103.659]",-0.012042917,0.2847553,-0.24591088,0.031229472,24
childreninhh,no,-0.02031494,0.2830735,-0.41408837,0.030652078,25
childreninhh,yes,0.061446708,0.2999565,1.2742102,0.030652078,25
handsetwebcapable,no,0.14190584,0.3171185,2.9904099,0.029871097,26
handsetwebcapable,yes,-0.0175689,0.28363115,-0.35832524,0.029871097,26
handsets,"(-0.001, 1.0]",-0.01791966,0.2835599,-0.36545098,0.02845216,27
handsets,"(1.0, 2.0]",-0.014115091,0.28433344,-0.28809607,0.02845216,27
handsets,"(2.0, 3.0]",0.0747011,0.30274704,1.5532643,0.02845216,27
handsets,"(3.0, 24.0]",0.084820285,0.30488738,1.7672986,0.02845216,27
total_calls,"(-0.001, 2.7]",0.03800671,0.2950577,0.78433156,0.028330475,28
total_calls,"(12.0, 18.4]",0.009591727,0.28918204,0.19676387,0.028330475,28
total_calls,"(18.4, 27.0]",-0.015952634,0.28395966,-0.32547414,0.028330475,28
total_calls,"(2.7, 6.7]",0.021319788,0.29159877,0.43843687,0.028330475,28
total_calls,"(27.0, 38.7]",-0.028609838,0.28139317,-0.5821228,0.028330475,28
total_calls,"(38.7, 56.6]",-0.024432758,0.28223857,-0.49758255,0.028330475,28
total_calls,"(56.6, 89.3]",-0.016752673,0.283797,-0.34174025,0.028330475,28
total_calls,"(6.7, 12.0]",0.013915043,0.29007152,0.28571188,0.028330475,28
total_calls,"(89.3, 956.6]",-0.06624476,0.27384594,-1.3368458,0.028330475,28
offpeakcallsinout,"(-0.001, 0.7]",0.07409493,0.30261913,1.5404731,0.027680144,29
offpeakcallsinout,"(0.7, 7.3]",-0.021826452,0.28276685,-0.44475496,0.027680144,29
offpeakcallsinout,"(108.0, 170.7]",-0.008230661,0.28553236,-0.16820431,0.027680144,29
offpeakcallsinout,"(15.0, 24.0]",-0.020335542,0.28306934,-0.4145056,0.027680144,29
offpeakcallsinout,"(170.7, 1474.7]",0.024951944,0.2923496,0.51352084,0.027680144,29
offpeakcallsinout,"(24.0, 35.7]",-0.010111094,0.28514892,-0.20654798,0.027680144,29
offpeakcallsinout,"(35.7, 51.3]",-0.00399657,0.28639692,-0.08174777,0.027680144,29
offpeakcallsinout,"(51.3, 73.7]",-0.019724593,0.28319335,-0.40210485,0.027680144,29
offpeakcallsinout,"(7.3, 15.0]",-0.022238303,0.28268334,-0.45310557,0.027680144,29
offpeakcallsinout,"(73.7, 108.0]",-0.019879282,0.28316194,-0.40524602,0.027680144,29
monthsinservice,"(10.0, 12.0]",0.43873504,0.38456497,9.735057,0.16086571,3
monthsinservice,"(12.0, 14.0]",0.17315847,0.32392472,3.6710322,0.16086571,3
monthsinservice,"(14.0, 16.0]",0.06394097,0.3004805,1.3266116,0.16086571,3
monthsinservice,"(16.0, 19.0]",-0.014631881,0.2842283,-0.29861033,0.16086571,3
monthsinservice,"(19.0, 23.0]",-0.05465376,0.2761569,-1.1057496,0.16086571,3
monthsinservice,"(23.0, 26.0]",-0.07658811,0.27179396,-1.5420437,0.16086571,3
monthsinservice,"(26.0, 33.0]",-0.11268858,0.264708,-2.2506385,0.16086571,3
monthsinservice,"(33.0, 61.0]",-0.21454594,0.2453631,-4.1851296,0.16086571,3
monthsinservice,"(5.999, 8.0]",-0.18346947,0.25116265,-3.605175,0.16086571,3
monthsinservice,"(8.0, 10.0]",-0.13861378,0.25969288,-2.752152,0.16086571,3
peakcallsinout,"(-0.001, 2.0]",0.05834739,0.2993061,1.2091696,0.025955286,30
peakcallsinout,"(105.3, 140.3]",-0.025823768,0.28195688,-0.5257517,0.025955286,30
peakcallsinout,"(140.3, 204.3]",-0.03439515,0.2802248,-0.6989598,0.025955286,30
peakcallsinout,"(15.7, 30.3]",0.0043443,0.2881046,0.08901954,0.025955286,30
peakcallsinout,"(2.0, 15.7]",-0.002079825,0.2867888,-0.042560697,0.025955286,30
peakcallsinout,"(204.3, 2090.7]",-0.019810561,0.2831759,-0.40385127,0.025955286,30
peakcallsinout,"(30.3, 45.3]",0.0051572234,0.28827137,0.10569692,0.025955286,30
peakcallsinout,"(45.3, 62.0]",-0.01179837,0.2848051,-0.24093091,0.025955286,30
peakcallsinout,"(62.0, 81.0]",0.006185,0.28848228,0.12678802,0.025955286,30
peakcallsinout,"(81.0, 105.3]",-0.011455954,0.28487483,-0.23395717,0.025955286,30
maritalstatus,no,-0.047716357,0.2775458,-0.96685886,0.02462697,31
maritalstatus,unknown,0.021094734,0.29155228,0.4337877,0.02462697,31
maritalstatus,yes,0.011567905,0.28958842,0.23740232,0.02462697,31
handsetprice,"(-0.001, 10.0]",-0.019069035,0.28332645,-0.38879514,0.023862727,32
handsetprice,"(10.0, 30.0]",-0.0022338969,0.28675726,-0.045713782,0.023862727,32
handsetprice,"(150.0, 500.0]",0.068068326,0.30134878,1.4134377,0.023862727,32
handsetprice,"(30.0, 80.0]",0.019730622,0.2912706,0.40562153,0.023862727,32
handsetprice,"(80.0, 150.0]",0.050942935,0.29775554,1.0541141,0.023862727,32
customercarecalls,"(-0.001, 0.3]",0.015704995,0.2904403,0.32258928,0.02170709,33
customercarecalls,"(0.3, 1.0]",0.0029938882,0.2878277,0.0613302,0.02170709,33
customercarecalls,"(1.0, 2.3]",-0.028778076,0.28135914,-0.5855262,0.02170709,33
customercarecalls,"(2.3, 5.7]",-0.037890077,0.2795204,-0.7694006,0.02170709,33
customercarecalls,"(5.7, 327.3]",-0.040592823,0.27897644,-0.8237958,0.02170709,33
activesubs,"(-0.001, 1.0]",0.016544241,0.29061323,0.33988357,0.020231122,34
activesubs,"(1.0, 2.0]",0.0006640518,0.28735036,0.0135958195,0.020231122,34
activesubs,"(2.0, 53.0]",-0.1460211,0.25827137,-2.8943033,0.020231122,34
outboundcalls,"(-0.001, 1.7]",0.00812455,0.28888056,0.16661584,0.020177284,35
outboundcalls,"(1.7, 5.0]",-0.017059505,0.28373468,-0.34797192,0.020177284,35
outboundcalls,"(13.7, 19.7]",-0.0036672775,0.2864642,-0.075018406,0.020177284,35
outboundcalls,"(19.7, 28.3]",0.001023183,0.2874239,0.020951033,0.020177284,35
outboundcalls,"(28.3, 40.7]",0.0135330055,0.28999287,0.27784705,0.020177284,35
outboundcalls,"(40.7, 64.0]",0.019116988,0.29114392,0.39295256,0.020177284,35
outboundcalls,"(5.0, 8.7]",-0.031373087,0.28083473,-0.6379664,0.020177284,35
outboundcalls,"(64.0, 644.3]",-0.01638127,0.28387251,-0.33418834,0.020177284,35
outboundcalls,"(8.7, 13.7]",-0.012043861,0.2847551,-0.24592876,0.020177284,35
roamingcalls,"(-0.001, 0.1]",-0.008726669,0.28543118,-0.1783222,0.019658046,36
roamingcalls,"(0.1, 0.5]",-0.017360356,0.28367352,-0.35408735,0.019658046,36
roamingcalls,"(0.5, 2.1]",-0.0090424605,0.28536677,-0.18476248,0.019658046,36
roamingcalls,"(2.1, 1112.4]",0.09096662,0.30619156,1.8977165,0.019658046,36
callwaitingcalls,"(-0.001, 0.3]",0.016530514,0.29061043,0.33960342,0.018539544,37
callwaitingcalls,"(0.3, 0.7]",0.0035652418,0.28794482,0.07304251,0.018539544,37
callwaitingcalls,"(0.7, 1.0]",-0.012329098,0.284697,-0.25174022,0.018539544,37
callwaitingcalls,"(1.0, 2.0]",-0.01172332,0.28482038,-0.23940206,0.018539544,37
callwaitingcalls,"(2.0, 4.7]",-0.01612362,0.28392488,-0.32895207,0.018539544,37
callwaitingcalls,"(4.7, 212.7]",-0.042623986,0.27856803,-0.8646369,0.018539544,37
incomegroup,"(-0.001, 2.0]",0.016909417,0.29068857,0.3474176,0.014595351,38
incomegroup,"(2.0, 4.0]",0.0001616807,0.2872475,0.003311038,0.014595351,38
incomegroup,"(4.0, 5.0]",0.002561373,0.28773907,0.05246699,0.014595351,38
incomegroup,"(5.0, 6.0]",-0.0028769432,0.28662577,-0.058862567,0.014595351,38
incomegroup,"(6.0, 7.0]",0.0032946689,0.28788936,0.0674963,0.014595351,38
incomegroup,"(7.0, 9.0]",-0.02933957,0.28124562,-0.59687793,0.014595351,38
unansweredcalls,"(-0.001, 0.3]",0.013404511,0.2899664,0.2752006,0.014316012,39
unansweredcalls,"(0.3, 3.7]",0.009424568,0.28914768,0.19332767,0.014316012,39
unansweredcalls,"(11.3, 16.3]",0.008341917,0.2889252,0.17108023,0.014316012,39
unansweredcalls,"(16.3, 22.3]",0.00648186,0.28854322,0.1328826,0.014316012,39
unansweredcalls,"(22.3, 31.0]",0.009448254,0.28915253,0.19381344,0.014316012,39
unansweredcalls,"(3.7, 7.0]",0.00067494356,0.2873526,0.013819337,0.014316012,39
unansweredcalls,"(31.0, 43.7]",0.013807779,0.29004943,0.28350353,0.014316012,39
unansweredcalls,"(43.7, 68.3]",0.0016512787,0.28755257,0.033816695,0.014316012,39
unansweredcalls,"(68.3, 840.0]",0.006770846,0.28860253,0.13881326,0.014316012,39
unansweredcalls,"(7.0, 11.3]",0.010471281,0.28936288,0.21484792,0.014316012,39
service_city,air,0.04583684,0.29668897,0.94745755,0.12060337,4
service_city,apc,-0.19014332,0.24990949,-3.7304907,0.12060337,4
service_city,ath,-0.23570283,0.24146684,-4.574756,0.12060337,4
service_city,atl,-0.055397127,0.27600834,-1.1206061,0.12060337,4
service_city,awi,-0.34304172,0.22235525,-6.485915,0.12060337,4
service_city,bir,-0.18912846,0.25009978,-3.711462,0.12060337,4
service_city,bos,0.052114002,0.29800045,1.0786057,0.12060337,4
service_city,chi,0.03504247,0.29444152,0.7227123,0.12060337,4
service_city,dal,-0.09148305,0.26885596,-1.8358439,0.12060337,4
service_city,den,0.34576917,0.3628114,7.559699,0.12060337,4
service_city,det,-0.09823043,0.26753166,-1.9682735,0.12060337,4
service_city,fln,0.11299832,0.3108918,2.3677409,0.12060337,4
service_city,gcw,0.29275844,0.3506477,6.343329,0.12060337,4
service_city,har,-0.091013975,0.2689482,-1.8266201,0.12060337,4
service_city,hop,0.26751965,0.3449229,5.77085,0.12060337,4
service_city,hou,-0.08862082,0.26941895,-1.7795444,0.12060337,4
service_city,hwi,0.33185956,0.35960194,7.2387547,0.12060337,4
service_city,ind,-0.009980187,0.28517556,-0.20388365,0.12060337,4
service_city,inh,0.38355482,0.37159115,8.437675,0.12060337,4
service_city,inu,0.21042944,0.33213994,4.492554,0.12060337,4
service_city,ipm,0.40011933,0.3754673,8.825291,0.12060337,4
service_city,kcy,-0.22071704,0.24422224,-4.299216,0.12060337,4
service_city,lau,0.0629218,0.30026633,1.3051927,0.12060337,4
service_city,lax,0.042570066,0.29600778,0.8793384,0.12060337,4
service_city,lou,-0.1079385,0.26563358,-2.1580815,0.12060337,4
service_city,mia,0.19649133,0.3290554,4.1841,0.12060337,4
service_city,mil,-0.10343743,0.26651254,-2.0701857,0.12060337,4
service_city,min,-0.16353801,0.2549299,-3.2284498,0.12060337,4
service_city,ncr,-0.08935993,0.2692735,-1.7940909,0.12060337,4
service_city,nev,0.0746877,0.30274424,1.5529841,0.12060337,4
service_city,nmc,0.34709623,0.36311823,7.5903835,0.12060337,4
service_city,nmx,0.05729281,0.299085,1.1870593,0.12060337,4
service_city,nny,-0.018278645,0.28348696,-0.3727436,0.12060337,4
service_city,nol,-0.010750247,0.28501862,-0.21957755,0.12060337,4
service_city,nor,-0.09418971,0.26832423,-1.8890172,0.12060337,4
service_city,nsh,-0.18969965,0.24999267,-3.722173,0.12060337,4
service_city,nvu,0.3508088,0.36397728,7.6762886,0.12060337,4
service_city,nyc,0.0070428764,0.2886584,0.1444012,0.12060337,4
service_city,ohh,-0.0773134,0.27165043,-1.5563965,0.12060337,4
service_city,ohi,-0.14507428,0.25845277,-2.8761625,0.12060337,4
service_city,okc,-0.038708445,0.27935565,-0.7858753,0.12060337,4
service_city,oma,0.1291541,0.31436348,2.7149081,0.12060337,4
service_city,phi,0.116899945,0.3117283,2.45139,0.12060337,4
service_city,phx,0.11474068,0.3112652,2.4050803,0.12060337,4
service_city,pit,-0.014860134,0.28418183,-0.3032565,0.12060337,4
service_city,san,-0.04052081,0.27899092,-0.8223474,0.12060337,4
service_city,sda,0.3651776,0.36731005,8.009565,0.12060337,4
service_city,sea,0.26182905,0.34363824,5.6423845,0.12060337,4
service_city,sew,0.18013516,0.32545447,3.8240075,0.12060337,4
service_city,sfr,0.04926721,0.29740527,1.0190874,0.12060337,4
service_city,sfu,0.51852554,0.40361473,11.640033,0.12060337,4
service_city,she,-0.25803858,0.23739944,-4.9814954,0.12060337,4
service_city,slc,0.3699725,0.3684251,8.12107,0.12060337,4
service_city,slu,0.5414255,0.40913892,12.1924515,0.12060337,4
service_city,stl,-0.3330113,0.2240945,-6.3119903,0.12060337,4
service_city,unknown,0.60573167,0.42477053,13.755613,0.12060337,4
service_city,vah,0.7070849,0.449704,16.248959,0.12060337,4
threewaycalls,"(-0.001, 0.3]",0.006494933,0.28854588,0.13314784,0.013545231,40
threewaycalls,"(0.3, 0.7]",-0.0086325,0.28545037,-0.17640293,0.013545231,40
threewaycalls,"(0.7, 66.0]",-0.06978459,0.2731426,-1.4071792,0.013545231,40
customer_support_interaction,"(-0.001, 0.3]",0.0027414595,0.28777596,0.056156516,0.012920418,41
customer_support_interaction,"(0.3, 1.0]",-0.007875003,0.2856049,-0.16095042,0.012920418,41
customer_support_interaction,"(1.0, 2.3]",-0.011127624,0.28494173,-0.22726655,0.012920418,41
customer_support_interaction,"(2.3, 5.7]",0.009614545,0.28918672,0.19723177,0.012920418,41
customer_support_interaction,"(5.7, 327.3]",0.022494473,0.29184148,0.46270788,0.012920418,41
directorassistedcalls,"(-0.001, 0.25]",0.0063876305,0.28852388,0.13094842,0.012386797,42
directorassistedcalls,"(0.25, 0.74]",-0.0005814298,0.2870954,-0.011900067,0.012386797,42
directorassistedcalls,"(0.74, 1.24]",-0.013052362,0.28454974,-0.26646554,0.012386797,42
directorassistedcalls,"(1.24, 2.48]",-0.008783875,0.28541952,-0.17948747,0.012386797,42
directorassistedcalls,"(2.48, 159.39]",-0.048983086,0.27729186,-0.9922534,0.012386797,42
buysviamailorder,no,0.0075991857,0.2887726,0.15582144,0.010978823,43
buysviamailorder,yes,-0.014114138,0.28433362,-0.2880782,0.010978823,43
occupation,clerical,0.04987917,0.29753315,1.0318756,0.010367644,44
occupation,crafts,0.016255796,0.29055378,0.333938,0.010367644,44
occupation,homemaker,0.076158844,0.30305484,1.5840441,0.010367644,44
occupation,other,-0.0037422294,0.2864489,-0.076550245,0.010367644,44
occupation,professional,0.007003805,0.28865033,0.14359355,0.010367644,44
occupation,retired,-0.0069184015,0.28580013,-0.14142692,0.010367644,44
occupation,self,0.0026281145,0.28775275,0.053834915,0.010367644,44
occupation,student,0.005091693,0.2882579,0.10434985,0.010367644,44
retentioncalls,"(-0.001, 4.0]",-0.0007586701,0.28705913,-0.01552701,0.0076672165,45
ownscomputer,no,-0.004122493,0.28637117,-0.08432269,0.0069621354,46
ownscomputer,yes,0.01854066,0.291025,0.38106143,0.0069621354,46
handsetmodels,"(-0.001, 1.0]",0.0007981596,0.28737783,0.016343594,0.004081035,47
handsetmodels,"(1.0, 2.0]",-0.0023116944,0.28674138,-0.047302246,0.004081035,47
handsetmodels,"(2.0, 3.0]",0.0015461405,0.28753102,0.031661987,0.004081035,47
handsetmodels,"(3.0, 15.0]",0.027020987,0.29277787,0.5563468,0.004081035,47
adjustmentstocreditrating,"(-0.001, 25.0]",-8.373674e-05,0.28719723,-0.0017166138,0.0039312355,48
newcellphoneuser,no,0.0022880104,0.287683,0.04686117,0.003892679,49
newcellphoneuser,yes,-0.009918658,0.28518814,-0.20262599,0.003892679,49
revenue_per_minute,"(-6.171, 0.058]",-0.15008831,0.25749296,-2.972144,0.103882395,5
revenue_per_minute,"(0.058, 0.0783]",-0.12156578,0.2629838,-2.42306,0.103882395,5
revenue_per_minute,"(0.0783, 0.0965]",-0.113765135,0.2644985,-2.2715898,0.103882395,5
revenue_per_minute,"(0.0965, 0.115]",-0.08365171,0.27039817,-1.6816229,0.103882395,5
revenue_per_minute,"(0.115, 0.137]",-0.03619077,0.27986276,-0.7351637,0.103882395,5
revenue_per_minute,"(0.137, 0.166]",-0.022504423,0.28262937,-0.45850277,0.103882395,5
revenue_per_minute,"(0.166, 0.21]",0.0056848256,0.28837964,0.1165241,0.103882395,5
revenue_per_minute,"(0.21, 0.297]",0.031384315,0.29368213,0.646773,0.103882395,5
revenue_per_minute,"(0.297, 0.586]",0.1536005,0.31965643,3.2442033,0.103882395,5
revenue_per_minute,"(0.586, 163.23]",0.28838596,0.34965277,6.243837,0.103882395,5
notnewcellphoneuser,no,-0.00049790205,0.28711247,-0.010192394,0.0025507752,50
notnewcellphoneuser,yes,0.0016498648,0.28755227,0.033786893,0.0025507752,50
referralsmadebysubscriber,"(-0.001, 35.0]",-8.540309e-05,0.28719693,-0.0017464161,0.0016706338,51
homeownership,known,-0.0011924155,0.28697035,-0.024405122,0.001473544,52
homeownership,unknown,0.001973263,0.28761855,0.04041493,0.001473544,52
hascreditcard,no,-0.001633693,0.28688005,-0.033435225,0.0013294702,53
hascreditcard,yes,0.0005850003,0.2873342,0.011980534,0.0013294702,53
truckowner,no,-0.0006591858,0.28707948,-0.013491511,0.0012457758,54
truckowner,yes,0.0030087638,0.28783074,0.061634183,0.0012457758,54
nonustravel,no,0.00027029795,0.28726974,0.0055342913,0.001165464,55
nonustravel,yes,-0.013260792,0.2845073,-0.2707094,0.001165464,55
ownsmotorcycle,no,-0.00057716743,0.28709626,-0.011813641,0.0011540303,56
ownsmotorcycle,yes,0.044445112,0.29639864,0.9184241,0.0011540303,56
retentionoffersaccepted,"(-0.001, 3.0]",0.00060961,0.2873392,0.012481213,0.0011143837,57
rvowner,no,4.242862e-05,0.28722307,0.0008672476,0.0010131428,58
rvowner,yes,0.0009988233,0.28741893,0.020453334,0.0010131428,58
callforwardingcalls,"(-0.001, 81.3]",-3.7833015e-05,0.28720665,-0.0007748604,0.00052209623,59
creditrating,1-highest,0.049853384,0.29752776,1.0313362,0.09256479,6
creditrating,2-high,0.05698164,0.29901975,1.1805356,0.09256479,6
creditrating,3-good,0.069903314,0.30173525,1.4520854,0.09256479,6
creditrating,4-medium,-0.10102348,0.2669847,-2.0229697,0.09256479,6
creditrating,5-low,-0.29078454,0.23152213,-5.569227,0.09256479,6
creditrating,6-verylow,-0.110380374,0.26515752,-2.2056878,0.09256479,6
creditrating,7-lowest,0.008777751,0.28901473,0.18003285,0.09256479,6
optoutmailings,no,-0.0001289264,0.287188,-0.0026404858,0.00046869303,60
optoutmailings,yes,0.011872861,0.2896512,0.24367869,0.00046869303,60
uniquesubs,"(0.999, 2.0]",-0.029731,0.2811665,-0.60479045,0.090553194,7
uniquesubs,"(2.0, 196.0]",0.19589405,0.32892355,4.1709156,0.090553194,7
agehh1,"(-0.001, 22.0]",0.09334171,0.30669633,1.9481927,0.08745165,8
agehh1,"(22.0, 30.0]",0.08458606,0.30483773,1.7623335,0.08745165,8
agehh1,"(30.0, 36.0]",0.031555776,0.2937177,0.6503314,0.08745165,8
agehh1,"(36.0, 40.0]",-0.06837521,0.2734225,-1.3791889,0.08745165,8
agehh1,"(40.0, 46.0]",-0.06652202,0.27379084,-1.3423562,0.08745165,8
agehh1,"(46.0, 50.0]",-0.07009871,0.27308026,-1.4134139,0.08745165,8
agehh1,"(50.0, 56.0]",-0.085819,0.2699708,-1.7243594,0.08745165,8
agehh1,"(56.0, 99.0]",-0.18356398,0.25114486,-3.606954,0.08745165,8
totalrecurringcharge,"(-11.001, 19.0]",0.009524315,0.28916818,0.19537807,0.08606284,9
totalrecurringcharge,"(19.0, 30.0]",0.13284206,0.31515896,2.7944565,0.08606284,9
totalrecurringcharge,"(30.0, 32.0]",0.12570645,0.3136209,2.6406498,0.08606284,9
totalrecurringcharge,"(32.0, 40.0]",0.022543125,0.29185152,0.46371222,0.08606284,9
totalrecurringcharge,"(40.0, 45.0]",-0.021911675,0.2827496,-0.4464805,0.08606284,9
totalrecurringcharge,"(45.0, 48.0]",-0.02297639,0.2825337,-0.46806931,0.08606284,9
totalrecurringcharge,"(48.0, 54.0]",-0.0012601169,0.2869565,-0.02579093,0.08606284,9
totalrecurringcharge,"(54.0, 60.0]",-0.025539957,0.28201437,-0.52000284,0.08606284,9
totalrecurringcharge,"(60.0, 75.0]",-0.12530689,0.2622593,-2.4955094,0.08606284,9
totalrecurringcharge,"(75.0, 360.0]",-0.18851925,0.25021407,-3.7000327,0.08606284,9
